{
  "manifest.json": 1625766889878,
  "model/models.js": 1625766554395,
  "i18n/i18n.properties": 1625766554395,
  "controller/View1.controller.js": 1625766554395,
  "Component.js": 1625766554395,
  "manifest-bundle.zip": 1625766889574,
  "Component-preload.js": 1625766889842,
  "model/models-dbg.js": 1625766554395,
  "controller/View1-dbg.controller.js": 1625766554395,
  "Component-dbg.js": 1625766554395,
  "resources.json": 1625766889882,
  "view/View1.view.xml": 1625766554399,
  "css/style.css": 1625766554395,
  "index.html": 1625766554395
}